{
  "project_info": {
    "project_number": "751406615958",
    "firebase_url": "https://healthtraker-79c4d.firebaseio.com",
    "project_id": "healthtraker-79c4d",
    "storage_bucket": "healthtraker-79c4d.appspot.com"
  },
  "client": [
    {
      "client_info": {
        "mobilesdk_app_id": "1:751406615958:android:7d03367de531918a2aa1b7",
        "android_client_info": {
          "package_name": "com.example.login"
        }
      },
      "oauth_client": [
        {
          "client_id": "751406615958-i595h1hv0im403aishgd1atgo1qua906.apps.googleusercontent.com",
          "client_type": 3
        }
      ],
      "api_key": [
        {
          "current_key": "AIzaSyADDRkna39n0Rlfm19yNQW-CvaifqtFRYc"
        }
      ],
      "services": {
        "appinvite_service": {
          "other_platform_oauth_client": [
            {
              "client_id": "751406615958-i595h1hv0im403aishgd1atgo1qua906.apps.googleusercontent.com",
              "client_type": 3
            }
          ]
        }
      }
    }
  ],
  "configuration_version": "1"
}